item,iata,label,countryLabel
http://www.wikidata.org/entity/Q558204,ABA,Abakan International Airport,Russia
http://www.wikidata.org/entity/Q8981,ABZ,Aberdeen Airport,United Kingdom
http://www.wikidata.org/entity/Q1430865,ACE,César Manrique Lanzarote Airport,Spain
http://www.wikidata.org/entity/Q1430728,ADA,Adana Şakirpaşa Airport,Turkey
http://www.wikidata.org/entity/Q504382,ADB,İzmir Adnan Menderes Airport,Turkey
http://www.wikidata.org/entity/Q1138408,AER,Sochi International Airport,Russia
http://www.wikidata.org/entity/Q690894,AGP,Málaga-Costa del Sol,Spain
http://www.wikidata.org/entity/Q858844,ALA,Almaty International Airport,Kazakhstan
http://www.wikidata.org/entity/Q849314,ALC,Alicante Airport,Spain
http://www.wikidata.org/entity/Q9694,AMS,Amsterdam Schiphol Airport,Netherlands
http://www.wikidata.org/entity/Q17480,ANR,Antwerp International Airport,Belgium
http://www.wikidata.org/entity/Q1155932,AOI,Ancona/Falconara Airport,Italy
http://www.wikidata.org/entity/Q223499,ARN,Stockholm Arlanda Airport,Sweden
http://www.wikidata.org/entity/Q1431698,ASR,Erkilet International Airport,Turkey
http://www.wikidata.org/entity/Q211734,ATH,"Athens International Airport ""Eleftherios Venizelos""",Greece
http://www.wikidata.org/entity/Q1657604,AXA,Clayton J. Lloyd International Airport,United Kingdom
http://www.wikidata.org/entity/Q1430762,AXD,"Alexandroupolis International Airport ""Democritus""",Greece
http://www.wikidata.org/entity/Q827480,AYT,Antalya Airport,Turkey
http://www.wikidata.org/entity/Q1430921,BAY,Maramures International Airport,Romania
http://www.wikidata.org/entity/Q843229,BBU,Bucharest Băneasa Aurel Vlaicu International Airport,Romania
http://www.wikidata.org/entity/Q1147758,BCM,Bacău International Airport,Romania
http://www.wikidata.org/entity/Q56973,BCN,Josep Tarradellas Airport Barcelona-El Prat,Spain
http://www.wikidata.org/entity/Q1797758,BDA,L.F. Wade International Airport,United Kingdom
http://www.wikidata.org/entity/Q127955,BEG,Belgrade Nikola Tesla Airport,Serbia
http://www.wikidata.org/entity/Q8979,BFS,Belfast International Airport,United Kingdom
http://www.wikidata.org/entity/Q619980,BGO,Bergen Airport,Norway
http://www.wikidata.org/entity/Q517873,BGY,Bergamo-Il Caravaggio,Italy
http://www.wikidata.org/entity/Q8987,BHD,George Best Belfast City Airport,United Kingdom
http://www.wikidata.org/entity/Q8719,BHX,Birmingham Airport,United Kingdom
http://www.wikidata.org/entity/Q598197,BIO,Bilbao Airport,Spain
http://www.wikidata.org/entity/Q766860,BJV,Milas-Bodrum Airport,Turkey
http://www.wikidata.org/entity/Q598121,BLL,Billund Airport,Denmark
http://www.wikidata.org/entity/Q389241,BLQ,Bologna Guglielmo Marconi Airport,Italy
http://www.wikidata.org/entity/Q29863,BMA,Stockholm Bromma Airport,Sweden
http://www.wikidata.org/entity/Q1430945,BNX,Banja Luka International Airport,Bosnia and Herzegovina
http://www.wikidata.org/entity/Q612731,BOD,Bordeaux–Mérignac Airport,France
http://www.wikidata.org/entity/Q580409,BOH,Bournemouth Airport,United Kingdom
http://www.wikidata.org/entity/Q1324587,BOJ,Burgas Airport,Bulgaria
http://www.wikidata.org/entity/Q1430982,BON,Flamingo International Airport,Netherlands
http://www.wikidata.org/entity/Q27048,BQT,Brest Airport,Belarus
http://www.wikidata.org/entity/Q779805,BRI,Bari Karol Wojtyła Airport,Italy
http://www.wikidata.org/entity/Q748848,BRQ,Brno-Tuřany Airport,Czech Republic
http://www.wikidata.org/entity/Q8725,BRS,Bristol Airport,United Kingdom
http://www.wikidata.org/entity/Q28934,BRU,Brussels Airport,Belgium
http://www.wikidata.org/entity/Q156971,BSL,EuroAirport Basel-Mulhouse-Freiburg,France
http://www.wikidata.org/entity/Q156971,BSL,EuroAirport Basel-Mulhouse-Freiburg,Germany
http://www.wikidata.org/entity/Q2310549,BTK,Bratsk Airport,Russia
http://www.wikidata.org/entity/Q2310549,BTK,Bratsk Airport,Soviet Union
http://www.wikidata.org/entity/Q828379,BTS,M. R. Štefánik Airport,Slovakia
http://www.wikidata.org/entity/Q500945,BUD,Budapest Ferenc Liszt International Airport,Hungary
http://www.wikidata.org/entity/Q1200570,BUS,Batumi International Airport,Georgia
http://www.wikidata.org/entity/Q611983,BVA,Beauvais-Tillé Airport,France
http://www.wikidata.org/entity/Q1771329,BZK,Bryansk International Airport,Russia
http://www.wikidata.org/entity/Q522432,BZY,Bălți International Airport,Moldova
http://www.wikidata.org/entity/Q46280,CDG,Paris-Charles de Gaulle Airport,France
http://www.wikidata.org/entity/Q1144233,CFU,Corfu International Airport,Greece
http://www.wikidata.org/entity/Q1232348,CHQ,Chania International Airport,Greece
http://www.wikidata.org/entity/Q1132616,CIA,Rome Ciampino Airport,Italy
http://www.wikidata.org/entity/Q27315,CIT,Shymkent International Airport,Kazakhstan
http://www.wikidata.org/entity/Q1708502,CKC,Cherkasy International Airport,Ukraine
http://www.wikidata.org/entity/Q1068685,CLJ,Cluj International Airport,Romania
http://www.wikidata.org/entity/Q1431076,CMF,Chambéry Airport,France
http://www.wikidata.org/entity/Q382546,CND,Mihail Kogălniceanu International Airport,Romania
http://www.wikidata.org/entity/Q8077814,COV,Çukurova International Airport,Turkey
http://www.wikidata.org/entity/Q206277,CPH,Copenhagen Airport,Denmark
http://www.wikidata.org/entity/Q540273,CTA,Catania-Fontanarossa Airport,Italy
http://www.wikidata.org/entity/Q130270,CUF,Cuneo International Airport,Italy
http://www.wikidata.org/entity/Q1708535,CWC,Chernivtsi International Airport,Ukraine
http://www.wikidata.org/entity/Q8994,CWL,Cardiff Airport,United Kingdom
http://www.wikidata.org/entity/Q8996,DCS,Doncaster Sheffield Airport,United Kingdom
http://www.wikidata.org/entity/Q903138,DEB,Debrecen International Airport,Hungary
http://www.wikidata.org/entity/Q2371274,DGP,Daugavpils International Airport,Latvia
http://www.wikidata.org/entity/Q1431180,DLM,Dalaman Airport,Turkey
http://www.wikidata.org/entity/Q186614,DME,Domodedovo International Airport,Russia
http://www.wikidata.org/entity/Q1431225,DNK,Dnipro International Airport,Ukraine
http://www.wikidata.org/entity/Q8996,DSA,Doncaster Sheffield Airport,United Kingdom
http://www.wikidata.org/entity/Q178021,DUB,Dublin Airport,Ireland
http://www.wikidata.org/entity/Q58226,DUS,Düsseldorf Airport,Germany
http://www.wikidata.org/entity/Q642313,DZA,Dzaoudzi Pamandzi International Airport,France
http://www.wikidata.org/entity/Q156971,EAP,EuroAirport Basel-Mulhouse-Freiburg,France
http://www.wikidata.org/entity/Q156971,EAP,EuroAirport Basel-Mulhouse-Freiburg,Germany
http://www.wikidata.org/entity/Q607230,ECN,Ercan International Airport,Northern Cyprus
http://www.wikidata.org/entity/Q607230,ECN,Ercan International Airport,Cyprus
http://www.wikidata.org/entity/Q8716,EDI,Edinburgh Airport,United Kingdom
http://www.wikidata.org/entity/Q1364927,EFL,Kefalonia International Airport,Greece
http://www.wikidata.org/entity/Q1348234,EIN,Eindhoven Airport,Netherlands
http://www.wikidata.org/entity/Q7703252,EIS,Terrance B. Lettsome International Airport,United Kingdom
http://www.wikidata.org/entity/Q8977,EMA,East Midlands Airport,United Kingdom
http://www.wikidata.org/entity/Q430490,ESB,Ankara Esenboğa Airport,Turkey
http://www.wikidata.org/entity/Q2479758,EUX,F.D. Roosevelt Airport,Netherlands
http://www.wikidata.org/entity/Q8999,EXT,Exeter Airport,United Kingdom
http://www.wikidata.org/entity/Q371471,FAE,Vágar Airport,Faroe Islands
http://www.wikidata.org/entity/Q667001,FAO,Faro Airport,Portugal
http://www.wikidata.org/entity/Q76269,FBU,Oslo Airport,Norway
http://www.wikidata.org/entity/Q19101,FCO,Roma Fiumicino Airport,Italy
http://www.wikidata.org/entity/Q651330,FDF,Martinique Aimé Césaire International Airport,France
http://www.wikidata.org/entity/Q707731,FLR,Florence Peretola Airport,Italy
http://www.wikidata.org/entity/Q639161,FNC,Madeira Cristiano-Ronaldo Airport,Portugal
http://www.wikidata.org/entity/Q46033,FRA,Frankfurt Airport,Germany
http://www.wikidata.org/entity/Q942017,FRL,Forlì Airport,Italy
http://www.wikidata.org/entity/Q1431349,FUE,Fuerteventura Airport,Spain
http://www.wikidata.org/entity/Q665948,GCM,Owen Roberts International Airport,United Kingdom
http://www.wikidata.org/entity/Q779984,GDN,Gdańsk Lech Wałęsa Airport,Poland
http://www.wikidata.org/entity/Q2902808,GDT,JAGS McCartney International Airport,United Kingdom
http://www.wikidata.org/entity/Q501083,GIB,Gibraltar International Airport,United Kingdom
http://www.wikidata.org/entity/Q8721,GLA,Glasgow Airport,United Kingdom
http://www.wikidata.org/entity/Q27049,GNA,Hrodna Airport,Belarus
http://www.wikidata.org/entity/Q1432178,GOJ,Nizhny Novgorod International Airport,Russia
http://www.wikidata.org/entity/Q1137115,GOT,Gothenburg-Landvetter Airport,Sweden
http://www.wikidata.org/entity/Q1431412,GRX,Federico García Lorca Granada Airport,Spain
http://www.wikidata.org/entity/Q178162,GRZ,Graz Airport,Austria
http://www.wikidata.org/entity/Q289972,GVA,Geneva International Airport,Switzerland
http://www.wikidata.org/entity/Q27706,HAM,Hamburg Airport,Germany
http://www.wikidata.org/entity/Q215327,HEL,Helsinki Airport,Finland
http://www.wikidata.org/entity/Q1142384,HER,"Heraklion International Airport ""Nikos Kazantzakis""",Greece
http://www.wikidata.org/entity/Q269294,HLE,Saint Helena Airport,United Kingdom
http://www.wikidata.org/entity/Q2492784,HRK,Kharkiv International Airport,Ukraine
http://www.wikidata.org/entity/Q2735084,HTA,Kadala Airport,Russia
http://www.wikidata.org/entity/Q1431529,IAS,Iași International Airport,Romania
http://www.wikidata.org/entity/Q1431549,IBZ,Ibiza Airport,Spain
http://www.wikidata.org/entity/Q939543,IEV,Kyiv Zhuliany International Airport,Ukraine
http://www.wikidata.org/entity/Q1431569,IFO,Ivano-Frankivsk International Airport,Ukraine
http://www.wikidata.org/entity/Q1431564,IKT,Irkutsk International Airport,Russia
http://www.wikidata.org/entity/Q1433348,ILZ,Žilina Airport,Slovakia
http://www.wikidata.org/entity/Q1262128,INI,Niš Constantine the Great Airport,Serbia
http://www.wikidata.org/entity/Q694434,INN,Innsbruck Airport,Austria
http://www.wikidata.org/entity/Q3661908,IST,Istanbul Airport,Turkey
http://www.wikidata.org/entity/Q850269,IVL,Ivalo Airport,Finland
http://www.wikidata.org/entity/Q6102047,IZL,Izmail International Airport,Ukraine
http://www.wikidata.org/entity/Q1322727,JCL,České Budějovice Airport,Czech Republic
http://www.wikidata.org/entity/Q477677,KBP,Boryspil International Airport,Ukraine
http://www.wikidata.org/entity/Q139921,KEF,Keflavík Airport,Iceland
http://www.wikidata.org/entity/Q240706,KEJ,Kemerovo International Airport,Russia
http://www.wikidata.org/entity/Q1431804,KFZ,Kukës International Airport Zayed,Albania
http://www.wikidata.org/entity/Q2442630,KGP,Kogalym International Airport,Russia
http://www.wikidata.org/entity/Q1420601,KGS,"Kos International Airport ""Hippocrates""",Greece
http://www.wikidata.org/entity/Q4497328,KHE,Kherson International Airport,Ukraine
http://www.wikidata.org/entity/Q1431601,KJA,Krasnoyarsk International Airport,Russia
http://www.wikidata.org/entity/Q2536144,KJK,Kortrijk-Wevelgem International Airport,Belgium
http://www.wikidata.org/entity/Q694404,KLU,Klagenfurt Airport,Austria
http://www.wikidata.org/entity/Q1431669,KLV,Karlovy Vary Airport,Czech Republic
http://www.wikidata.org/entity/Q924954,KLX,"Kalamata International Airport ""Captain Vasilis Konstantakopoulos""",Greece
http://www.wikidata.org/entity/Q2635747,KOV,Kokshetau International Airport,Kazakhstan
http://www.wikidata.org/entity/Q581545,KRK,John Paul II International Airport Kraków-Balice,Poland
http://www.wikidata.org/entity/Q1629051,KRR,Krasnodar International Airport,Russia
http://www.wikidata.org/entity/Q1431790,KRS,"Kristiansand Airport, Kjevik",Norway
http://www.wikidata.org/entity/Q777774,KSC,Košice International Airport,Slovakia
http://www.wikidata.org/entity/Q1162558,KTW,Katowice International Airport,Poland
http://www.wikidata.org/entity/Q950834,KUF,Kurumoch International Airport,Russia
http://www.wikidata.org/entity/Q973283,KUO,Kuopio Airport,Finland
http://www.wikidata.org/entity/Q1156904,KUT,Kutaisi International Airport,Georgia
http://www.wikidata.org/entity/Q676516,KVA,"Kavala International Airport ""Alexander the Great""",Greece
http://www.wikidata.org/entity/Q3497747,KVO,Morava Airport,Serbia
http://www.wikidata.org/entity/Q111731,KWG,Kryvyi Rih International Airport,Ukraine
http://www.wikidata.org/entity/Q47151,KZN,Kazan International Airport,Russia
http://www.wikidata.org/entity/Q8699,LBA,Leeds Bradford Airport,United Kingdom
http://www.wikidata.org/entity/Q654636,LCA,Larnaca International Airport,Cyprus
http://www.wikidata.org/entity/Q8982,LCY,London City Airport,United Kingdom
http://www.wikidata.org/entity/Q690122,LED,Pulkovo Airport,Russia
http://www.wikidata.org/entity/Q8703,LGW,London Gatwick Airport,United Kingdom
http://www.wikidata.org/entity/Q8691,LHR,London Heathrow Airport,United Kingdom
http://www.wikidata.org/entity/Q828386,LIN,Linate Airport,Italy
http://www.wikidata.org/entity/Q403671,LIS,Humberto Delgado Airport,Portugal
http://www.wikidata.org/entity/Q1109558,LJU,Ljubljana Jože Pučnik Airport,Slovenia
http://www.wikidata.org/entity/Q700852,LNZ,Linz Airport,Austria
http://www.wikidata.org/entity/Q1130612,LPA,Gran Canaria Airport,Spain
http://www.wikidata.org/entity/Q8727,LPL,Liverpool John Lennon Airport,United Kingdom
http://www.wikidata.org/entity/Q517037,LPX,Liepāja International Airport,Latvia
http://www.wikidata.org/entity/Q8712,LTN,London Luton Airport,United Kingdom
http://www.wikidata.org/entity/Q872186,LUX,Luxembourg Airport,Luxembourg
http://www.wikidata.org/entity/Q282909,LWO,Lviv Danylo Halytskyi International Airport,Ukraine
http://www.wikidata.org/entity/Q2670580,LXS,Lemnos International Airport,Greece
http://www.wikidata.org/entity/Q59633,LYR,Svalbard Airport,Norway
http://www.wikidata.org/entity/Q1547,LYS,Lyon–Saint-Exupéry Airport,France
http://www.wikidata.org/entity/Q166276,MAD,Madrid-Barajas Airport,Spain
http://www.wikidata.org/entity/Q651372,MAH,Menorca Airport,Spain
http://www.wikidata.org/entity/Q8694,MAN,Manchester Airport,United Kingdom
http://www.wikidata.org/entity/Q1528995,MJT,Mytilene International Airport,Greece
http://www.wikidata.org/entity/Q672289,MLA,Malta International Airport,Malta
http://www.wikidata.org/entity/Q156971,MLH,EuroAirport Basel-Mulhouse-Freiburg,France
http://www.wikidata.org/entity/Q156971,MLH,EuroAirport Basel-Mulhouse-Freiburg,Germany
http://www.wikidata.org/entity/Q652315,MPW,Mariupol International Airport,Ukraine
http://www.wikidata.org/entity/Q652315,MPW,Mariupol International Airport,Russia
http://www.wikidata.org/entity/Q2156249,MQF,Magnitogorsk International Airport,Russia
http://www.wikidata.org/entity/Q651190,MRS,Marseille Provence Airport,France
http://www.wikidata.org/entity/Q777855,MSQ,Minsk National Airport,Belarus
http://www.wikidata.org/entity/Q60910,MXP,"Milan–Malpensa ""Silvio Berlusconi"" Airport",Italy
http://www.wikidata.org/entity/Q849383,NAP,Naples International Airport,Italy
http://www.wikidata.org/entity/Q2571517,NBC,Begishevo Airport,Russia
http://www.wikidata.org/entity/Q821557,NCE,Nice Côte d'Azur Airport,France
http://www.wikidata.org/entity/Q8975,NCL,Newcastle International Airport,United Kingdom
http://www.wikidata.org/entity/Q1432185,NIC,Nicosia International Airport,Cyprus
http://www.wikidata.org/entity/Q1432185,NIC,Nicosia International Airport,Northern Cyprus
http://www.wikidata.org/entity/Q848921,NOC,Ireland West Airport Knock,Ireland
http://www.wikidata.org/entity/Q892783,NOU,La Tontouta International Airport,France
http://www.wikidata.org/entity/Q174233,NQZ,Nursultan Nazarbayev International Airport,Kazakhstan
http://www.wikidata.org/entity/Q1432144,NTE,Nantes Atlantique Airport,France
http://www.wikidata.org/entity/Q349673,NWI,Norwich International Airport,United Kingdom
http://www.wikidata.org/entity/Q1432234,ODS,Odesa International Airport,Ukraine
http://www.wikidata.org/entity/Q1432098,OMO,Mostar International Airport,Bosnia and Herzegovina
http://www.wikidata.org/entity/Q2102332,OMR,Oradea International Airport,Romania
http://www.wikidata.org/entity/Q943743,OPO,Francisco de Sá Carneiro Airport,Portugal
http://www.wikidata.org/entity/Q1345361,ORK,Cork Airport,Ireland
http://www.wikidata.org/entity/Q223416,ORY,Orly Airport,France
http://www.wikidata.org/entity/Q1432093,OSF,Ostafyevo International Airport,Russia
http://www.wikidata.org/entity/Q210559,OSL,Oslo Airport,Norway
http://www.wikidata.org/entity/Q922954,OSR,Leoš Janáček Airport Ostrava,Czech Republic
http://www.wikidata.org/entity/Q1432260,OST,Ostend-Bruges International Airport,Belgium
http://www.wikidata.org/entity/Q257631,OTP,Henri Coandă International Airport,Romania
http://www.wikidata.org/entity/Q1131604,OUL,Oulu Airport,Finland
http://www.wikidata.org/entity/Q1430901,OVD,Asturias Airport,Spain
http://www.wikidata.org/entity/Q1432786,OZH,Zaporizhzhia International Airport,Ukraine
http://www.wikidata.org/entity/Q1370380,PDV,Plovdiv Airport,Bulgaria
http://www.wikidata.org/entity/Q2115080,PED,Pardubice Airport,Czech Republic
http://www.wikidata.org/entity/Q1371018,PEG,Perugia San Francesco d'Assisi,Italy
http://www.wikidata.org/entity/Q255039,PEV,Pécs-Pogány International Airport,Hungary
http://www.wikidata.org/entity/Q1050707,PFO,Paphos International Airport,Cyprus
http://www.wikidata.org/entity/Q8992,PIK,Glasgow Prestwick Airport,United Kingdom
http://www.wikidata.org/entity/Q1332588,PLQ,Palanga International Airport,Lithuania
http://www.wikidata.org/entity/Q1748436,PLS,Providenciales International Airport,United Kingdom
http://www.wikidata.org/entity/Q656993,PMI,Palma de Mallorca Airport,Spain
http://www.wikidata.org/entity/Q630645,PMO,Falcone–Borsellino Airport,Italy
http://www.wikidata.org/entity/Q1432473,POW,Portorož Airport,Slovenia
http://www.wikidata.org/entity/Q1049719,PPT,Faa'a International Airport,France
http://www.wikidata.org/entity/Q99172,PRG,Václav Havel Airport Prague,Czech Republic
http://www.wikidata.org/entity/Q643783,PRN,Pristina International Airport Adem Jashari,Kosovo
http://www.wikidata.org/entity/Q709169,PSA,Pisa International Airport 'Galileo Galilei',Italy
http://www.wikidata.org/entity/Q1156872,PTP,Pointe-à-Pitre International Airport,France
http://www.wikidata.org/entity/Q1432377,PZY,Piešťany Airport,Slovakia
http://www.wikidata.org/entity/Q1432673,QSR,Salerno Costa d'Amalfi Airport,Italy
http://www.wikidata.org/entity/Q833555,RHO,"Rhodes International Airport ""Diagoras""",Greece
http://www.wikidata.org/entity/Q505421,RIX,Riga International Airport,Latvia
http://www.wikidata.org/entity/Q1140972,RMI,Federico Fellini International Airport,Italy
http://www.wikidata.org/entity/Q844951,RMO,Chișinău International Airport,Moldova
http://www.wikidata.org/entity/Q3015351,RMU,Región de Murcia International Airport,Spain
http://www.wikidata.org/entity/Q16534881,ROV,Platov International Airport,Russia
http://www.wikidata.org/entity/Q656807,RTM,Rotterdam The Hague Airport,Netherlands
http://www.wikidata.org/entity/Q1323139,RVN,Rovaniemi Airport,Finland
http://www.wikidata.org/entity/Q7338967,RWN,Rivne International Airport,Ukraine
http://www.wikidata.org/entity/Q1137714,SAB,Juancho E. Yrausquin Airport,Netherlands
http://www.wikidata.org/entity/Q723622,SAW,Istanbul Sabiha Gökçen International Airport,Turkey
http://www.wikidata.org/entity/Q21644281,SBT,Sabetta International Airport,Russia
http://www.wikidata.org/entity/Q946418,SBZ,Sibiu International Airport,Romania
http://www.wikidata.org/entity/Q1432943,SGC,Surgut International Airport,Russia
http://www.wikidata.org/entity/Q1432871,SIP,Simferopol International Airport,Ukraine
http://www.wikidata.org/entity/Q740392,SJJ,Sarajevo International Airport (SJJ),Bosnia and Herzegovina
http://www.wikidata.org/entity/Q127958,SKG,"Thessaloniki Airport ""Makedonia""",Greece
http://www.wikidata.org/entity/Q1432699,SMI,Samos International Airport,Greece
http://www.wikidata.org/entity/Q584102,SNN,Shannon Airport,Ireland
http://www.wikidata.org/entity/Q1187044,SOB,Hévíz–Balaton Airport,Hungary
http://www.wikidata.org/entity/Q127951,SOF,Sofia Airport,Bulgaria
http://www.wikidata.org/entity/Q8988,SOU,Southampton Airport,United Kingdom
http://www.wikidata.org/entity/Q1433338,SQQ,Šiauliai International Airport,Lithuania
http://www.wikidata.org/entity/Q8709,STN,London Stansted Airport,United Kingdom
http://www.wikidata.org/entity/Q1431860,SUF,Lamezia Terme International Airport,Italy
http://www.wikidata.org/entity/Q2234608,SUJ,Satu Mare International Airport,Romania
http://www.wikidata.org/entity/Q1355258,SVG,Stavanger Airport,Norway
http://www.wikidata.org/entity/Q192733,SVO,Sheremetyevo International Airport,Russia
http://www.wikidata.org/entity/Q1344758,SVQ,San Pablo Airport,Spain
http://www.wikidata.org/entity/Q1334495,SVX,Koltsovo Airport,Russia
http://www.wikidata.org/entity/Q9689,SXF,Berlin Schönefeld Airport,Germany
http://www.wikidata.org/entity/Q251538,SZG,Salzburg Airport,Austria
http://www.wikidata.org/entity/Q1432944,SZY,Szczytno-Szymany International Airport,Poland
http://www.wikidata.org/entity/Q1432421,TAT,Poprad-Tatry Airport,Slovakia
http://www.wikidata.org/entity/Q778213,TBS,Tbilisi International Airport,Georgia
http://www.wikidata.org/entity/Q932514,TFN,Tenerife North Airport,Spain
http://www.wikidata.org/entity/Q821984,TFS,Tenerife South Airport,Spain
http://www.wikidata.org/entity/Q645100,TGM,Târgu Mureș International Airport,Romania
http://www.wikidata.org/entity/Q9686,THF,Berlin-Tempelhof Airport,Germany
http://www.wikidata.org/entity/Q217226,TIA,Tirana International Airport Nënë Tereza,Albania
http://www.wikidata.org/entity/Q2290825,TJM,Roshchino International Airport,Russia
http://www.wikidata.org/entity/Q1130231,TKU,Turku Airport,Finland
http://www.wikidata.org/entity/Q372615,TLS,Toulouse-Blagnac,France
http://www.wikidata.org/entity/Q1126306,TMP,Tampere-Pirkkala Airport,Finland
http://www.wikidata.org/entity/Q2413018,TOS,Tromsø Airport,Norway
http://www.wikidata.org/entity/Q957105,TRF,Sandefjord Airport,Norway
http://www.wikidata.org/entity/Q1417736,TSR,Traian Vuia International Airport,Romania
http://www.wikidata.org/entity/Q1433133,TZL,Tuzla International Airport,Bosnia and Herzegovina
http://www.wikidata.org/entity/Q650285,UFA,Ufa International Airport,Russia
http://www.wikidata.org/entity/Q3490779,UHE,Kunovice Airport,Czech Republic
http://www.wikidata.org/entity/Q2985601,UKS,Sevastopol International Airport,Ukraine
http://www.wikidata.org/entity/Q1433148,UME,Umeå Airport,Sweden
http://www.wikidata.org/entity/Q1423410,VAR,Varna Airport,Bulgaria
http://www.wikidata.org/entity/Q849347,VCE,Venice Marco Polo Airport,Italy
http://www.wikidata.org/entity/Q32999,VIE,Wien-Schwechat Airport,Austria
http://www.wikidata.org/entity/Q4111595,VIN,Havryshivka Vinnytsia International Airport,Ukraine
http://www.wikidata.org/entity/Q273462,VKO,Vnukovo International Airport,Russia
http://www.wikidata.org/entity/Q20455825,VLC,Valencia Airport,Spain
http://www.wikidata.org/entity/Q55637197,VLO,Vlora Airport,Albania
http://www.wikidata.org/entity/Q847711,VNO,Vilnius Airport,Lithuania
http://www.wikidata.org/entity/Q3243402,VNT,Ventspils International Airport,Latvia
http://www.wikidata.org/entity/Q1433263,VOG,Volgograd International Airport,Russia
http://www.wikidata.org/entity/Q2444515,VOZ,Voronezh International Airport,Russia
http://www.wikidata.org/entity/Q2233195,VSG,Luhansk International Airport,Ukraine
http://www.wikidata.org/entity/Q2233195,VSG,Luhansk International Airport,Luhansk People's Republic
http://www.wikidata.org/entity/Q29864,VST,Stockholm Västerås Airport,Sweden
http://www.wikidata.org/entity/Q577067,VVO,Vladivostok International Airport,Russia
http://www.wikidata.org/entity/Q465071,WAW,Warsaw Chopin Airport,Poland
http://www.wikidata.org/entity/Q128016,ZAG,Zagreb Airport,Croatia
http://www.wikidata.org/entity/Q2388744,ZIA,Zhukovsky International Airport,Russia
